village,ticket_1,vote_1,ticket_2,vote_2,ticket_3,vote_3
臺北市北投區,66986,43.96%,81708,53.62%,3668,2.40%
臺北市士林區,82052,46.43%,90454,51.18%,4203,2.37%
臺北市大同區,40907,52.39%,35220,45.11%,1944,2.49%
臺北市中山區,58439,42.63%,74867,54.62%,3749,2.73%
臺北市松山區,46270,36.85%,76097,60.60%,3191,2.54%
臺北市內湖區,60949,37.00%,99397,60.35%,4352,2.64%
臺北市南港區,28118,39.51%,41141,57.82%,1890,2.65%
臺北市萬華區,53436,44.64%,63091,52.70%,3172,2.64%
臺北市中正區,34295,36.55%,56982,60.74%,2531,2.69%
臺北市大安區,62918,34.10%,116778,63.30%,4776,2.58%
臺北市信義區,50792,36.33%,85314,61.03%,3679,2.63%
臺北市文山區,49403,30.61%,107668,66.72%,4293,2.66%
新北市石門區,2952,42.11%,3896,55.57%,162,2.31%
新北市三芝區,5337,40.78%,7468,57.06%,281,2.14%
新北市淡水區,35103,40.84%,48506,56.43%,2342,2.72%
新北市八里區,9147,45.73%,10260,51.30%,591,2.95%
新北市林口區,19638,41.44%,26061,55.00%,1683,3.55%
新北市泰山區,20410,46.19%,22501,50.93%,1268,2.87%
新北市五股區,22314,48.78%,22154,48.43%,1276,2.78%
新北市蘆洲區,58275,51.99%,50934,45.44%,2859,2.55%
新北市三重區,122765,51.46%,109114,45.74%,6651,2.78%
新北市新莊區,113885,48.80%,113146,48.49%,6303,2.70%
新北市樹林區,48257,47.06%,51328,50.05%,2957,2.88%
新北市鶯歌區,23297,47.44%,24386,49.66%,1416,2.88%
新北市板橋區,155253,46.47%,169703,50.80%,9084,2.71%
新北市中和區,94471,36.31%,158093,60.77%,7559,2.90%
新北市永和區,44601,31.48%,92803,65.52%,4233,2.98%
新北市土城區,61496,44.90%,71744,52.39%,3692,2.69%
新北市三峽區,25257,44.46%,29844,52.53%,1706,3.00%
新北市新店區,56603,30.97%,120865,66.14%,5269,2.88%
新北市深坑區,5799,41.19%,7847,55.74%,430,3.05%
新北市石碇區,2680,56.67%,1910,40.38%,139,2.93%
新北市坪林區,2400,59.98%,1512,37.79%,89,2.22%
新北市烏來區,1108,34.61%,1987,62.07%,106,3.31%
新北市金山區,6087,47.68%,6385,50.01%,294,2.30%
新北市萬里區,5712,44.59%,6742,52.63%,355,2.77%
新北市汐止區,45214,39.67%,65463,57.44%,3282,2.87%
新北市平溪區,1734,52.27%,1492,44.98%,91,2.74%
新北市瑞芳區,10241,41.41%,13697,55.39%,787,3.18%
新北市雙溪區,2709,46.99%,2872,49.82%,183,3.17%
新北市貢寮區,4806,60.47%,2960,37.24%,181,2.27%
臺中市大甲區,20133,46.38%,22098,50.91%,1172,2.70%
臺中市大安區,5575,47.35%,5953,50.56%,245,2.08%
臺中市外埔區,7583,41.69%,10084,55.44%,521,2.86%
臺中市清水區,23870,49.03%,23508,48.28%,1303,2.67%
臺中市梧棲區,14138,46.09%,15648,51.01%,885,2.88%
臺中市沙鹿區,20296,43.54%,24885,53.38%,1433,3.07%
臺中市龍井區,18392,45.09%,21138,51.83%,1251,3.06%
臺中市大肚區,14193,44.12%,16985,52.80%,990,3.07%
臺中市烏日區,18793,46.94%,19969,49.87%,1273,3.17%
臺中市霧峰區,17939,46.83%,18985,49.56%,1382,3.60%
臺中市大里區,52525,46.59%,56323,49.95%,3889,3.44%
臺中市后里區,14651,46.94%,15548,49.82%,1008,3.23%
臺中市神岡區,20026,53.54%,16340,43.68%,1036,2.76%
臺中市大雅區,21810,43.44%,26805,53.39%,1582,3.15%
臺中市潭子區,27071,46.40%,29340,50.29%,1921,3.29%
臺中市西屯區,46854,39.91%,66724,56.83%,3814,3.24%
臺中市南屯區,35777,41.80%,46962,54.87%,2848,3.32%
臺中市北屯區,58981,41.33%,79093,55.43%,4605,3.22%
臺中市北區,34635,40.50%,47889,56.01%,2975,3.47%
臺中市西區,29425,43.73%,35773,53.17%,2075,3.08%
臺中市中區,5239,47.19%,5514,49.67%,347,3.12%
臺中市東區,21672,48.45%,21650,48.40%,1401,3.13%
臺中市南區,29525,44.27%,35089,52.61%,2078,3.11%
臺中市太平區,45008,45.35%,51045,51.44%,3178,3.20%
臺中市豐原區,47675,49.32%,46174,47.77%,2807,2.90%
臺中市石岡區,4201,44.13%,5020,52.74%,297,3.12%
臺中市新社區,7487,49.45%,7224,47.71%,428,2.82%
臺中市東勢區,13635,43.52%,16663,53.19%,1028,3.28%
臺中市和平區,1627,28.10%,3905,67.44%,258,4.45%
臺南市後壁區,10280,66.83%,4787,31.12%,315,2.04%
臺南市白河區,11493,65.84%,5565,31.88%,396,2.26%
臺南市北門區,4592,65.87%,2244,32.19%,135,1.93%
臺南市學甲區,10931,68.36%,4743,29.66%,315,1.97%
臺南市鹽水區,10248,66.50%,4810,31.21%,352,2.28%
臺南市新營區,23288,53.45%,19089,43.81%,1192,2.73%
臺南市柳營區,8593,65.02%,4283,32.41%,339,2.56%
臺南市東山區,7739,63.29%,4154,33.97%,333,2.72%
臺南市將軍區,8779,70.19%,3472,27.76%,255,2.03%
臺南市下營區,9866,65.15%,4999,33.01%,278,1.83%
臺南市六甲區,8786,65.41%,4335,32.27%,310,2.30%
臺南市官田區,9166,69.20%,3760,28.39%,318,2.40%
臺南市七股區,9892,69.16%,4077,28.50%,334,2.33%
臺南市佳里區,21721,63.06%,11921,34.61%,798,2.31%
臺南市麻豆區,20126,72.42%,7159,25.76%,503,1.81%
臺南市善化區,15975,62.50%,9007,35.23%,578,2.26%
臺南市大內區,4304,66.18%,2042,31.40%,157,2.41%
臺南市玉井區,4348,50.18%,4074,47.02%,242,2.79%
臺南市楠西區,2682,45.34%,3086,52.17%,147,2.48%
臺南市西港區,10106,67.81%,4496,30.17%,300,2.01%
臺南市安定區,11678,64.60%,6054,33.49%,344,1.90%
臺南市新市區,12811,62.95%,7086,34.82%,453,2.22%
臺南市山上區,2893,62.42%,1652,35.64%,89,1.92%
臺南市新化區,14281,55.45%,10787,41.88%,684,2.65%
臺南市左鎮區,1968,61.67%,1146,35.91%,77,2.41%
臺南市南化區,2515,49.43%,2382,46.82%,190,3.73%
臺南市安南區,62894,61.18%,37401,36.38%,2494,2.42%
臺南市北區,39911,50.75%,36636,46.59%,2087,2.65%
臺南市中西區,25729,54.34%,20402,43.09%,1215,2.56%
臺南市安平區,17802,51.23%,15973,45.96%,972,2.79%
臺南市南區,44122,56.93%,31541,40.69%,1839,2.37%
臺南市東區,50892,46.74%,55097,50.60%,2884,2.64%
臺南市永康區,67165,53.20%,55610,44.05%,3463,2.74%
臺南市仁德區,24659,56.51%,17878,40.97%,1095,2.50%
臺南市歸仁區,23581,60.70%,14323,36.86%,944,2.42%
臺南市關廟區,13714,61.23%,8124,36.27%,556,2.48%
臺南市龍崎區,1702,59.42%,1079,37.67%,83,2.89%
高雄市桃源區,341,17.39%,1552,79.18%,67,3.41%
高雄市那瑪夏區,311,22.21%,1073,76.64%,16,1.14%
高雄市甲仙區,1761,46.36%,1908,50.23%,129,3.39%
高雄市六龜區,4475,57.10%,3164,40.37%,198,2.52%
高雄市杉林區,3668,53.64%,3002,43.90%,167,2.44%
高雄市內門區,5288,55.16%,4058,42.33%,239,2.49%
高雄市旗山區,13569,57.31%,9532,40.26%,575,2.42%
高雄市美濃區,13084,51.12%,11808,46.14%,698,2.72%
高雄市茂林區,134,14.48%,776,83.89%,15,1.62%
高雄市阿蓮區,10942,61.55%,6416,36.09%,418,2.35%
高雄市田寮區,3553,66.52%,1665,31.17%,123,2.30%
高雄市燕巢區,10870,57.39%,7611,40.18%,458,2.41%
高雄市大社區,12410,60.43%,7575,36.89%,549,2.67%
高雄市大樹區,16733,62.20%,9581,35.61%,584,2.17%
高雄市茄萣區,10961,59.52%,6942,37.69%,512,2.78%
高雄市湖內區,10340,58.46%,6870,38.84%,475,2.68%
高雄市路竹區,17453,55.17%,13365,42.25%,813,2.57%
高雄市永安區,4737,55.61%,3565,41.85%,215,2.52%
高雄市岡山區,29593,50.79%,26952,46.26%,1711,2.93%
高雄市彌陀區,6869,53.86%,5514,43.24%,369,2.89%
高雄市梓官區,14308,61.94%,8208,35.53%,582,2.51%
高雄市橋頭區,14851,62.74%,8264,34.91%,552,2.33%
高雄市楠梓區,50536,50.15%,47855,47.49%,2373,2.35%
高雄市左營區,47560,43.25%,59710,54.30%,2679,2.43%
高雄市仁武區,26354,59.62%,16714,37.81%,1132,2.56%
高雄市鳥松區,14716,54.43%,11688,43.23%,631,2.33%
高雄市大寮區,36974,57.48%,25819,40.14%,1523,2.36%
高雄市林園區,24478,62.12%,14045,35.64%,877,2.22%
高雄市鼓山區,38714,49.12%,38288,48.58%,1805,2.29%
高雄市鹽埕區,9569,56.75%,6941,41.17%,349,2.07%
高雄市旗津區,10854,63.51%,5903,34.54%,331,1.93%
高雄市三民區,113891,53.86%,92734,43.86%,4798,2.26%
高雄市前金區,9254,51.00%,8412,46.35%,479,2.63%
高雄市新興區,17424,51.50%,15576,46.04%,829,2.45%
高雄市苓雅區,56730,50.35%,53341,47.34%,2593,2.30%
高雄市前鎮區,66062,54.87%,51722,42.96%,2610,2.16%
高雄市鳳山區,103396,50.67%,95531,46.82%,5100,2.49%
高雄市小港區,50395,56.57%,36781,41.29%,1895,2.12%
宜蘭縣宜蘭市,24498,46.62%,26570,50.56%,1480,2.81%
宜蘭縣羅東鎮,20341,51.60%,18093,45.90%,979,2.48%
宜蘭縣蘇澳鎮,12829,53.91%,10297,43.27%,669,2.81%
宜蘭縣頭城鎮,6928,41.47%,9249,55.37%,526,3.14%
宜蘭縣礁溪鄉,11168,53.80%,9104,43.85%,485,2.33%
宜蘭縣壯圍鄉,8228,57.61%,5752,40.27%,301,2.10%
宜蘭縣員山鄉,10835,58.99%,7122,38.77%,409,2.22%
宜蘭縣冬山鄉,18495,60.53%,11320,37.04%,739,2.41%
宜蘭縣五結鄉,13568,59.79%,8613,37.95%,510,2.24%
宜蘭縣三星鄉,7483,60.98%,4484,36.54%,304,2.47%
宜蘭縣大同鄉,514,16.65%,2443,79.16%,129,4.18%
宜蘭縣南澳鄉,269,9.47%,2449,86.26%,121,4.26%
桃園縣蘆竹鄉,35019,45.61%,39773,51.80%,1980,2.57%
桃園縣龜山鄉,32298,41.78%,42689,55.22%,2311,2.98%
桃園縣桃園市,91421,40.69%,126560,56.33%,6685,2.97%
桃園縣大園鄉,21905,48.87%,21679,48.37%,1234,2.75%
桃園縣觀音鄉,18256,54.22%,14409,42.79%,1001,2.97%
桃園縣新屋鄉,14258,50.57%,13175,46.73%,759,2.69%
桃園縣楊梅市,30080,36.35%,50186,60.64%,2483,3.00%
桃園縣中壢市,74200,35.13%,130665,61.87%,6307,2.98%
桃園縣平鎮市,43252,36.99%,70070,59.92%,3600,3.07%
桃園縣龍潭鄉,22057,34.49%,40027,62.59%,1863,2.91%
桃園縣八德市,37742,37.48%,59873,59.46%,3067,3.04%
桃園縣大溪鎮,23630,45.99%,26306,51.20%,1434,2.79%
桃園縣復興鄉,1190,23.18%,3739,72.85%,203,3.95%
新竹縣竹北市,26837,34.10%,49423,62.81%,2425,3.08%
新竹縣竹東鎮,13356,24.94%,38332,71.58%,1859,3.47%
新竹縣新埔鎮,7922,36.94%,12909,60.20%,609,2.84%
新竹縣關西鎮,6396,34.41%,11566,62.22%,625,3.36%
新竹縣湖口鄉,12402,29.03%,28891,67.62%,1428,3.34%
新竹縣新豐鄉,9604,32.93%,18683,64.06%,875,3.00%
新竹縣芎林鄉,3737,29.75%,8382,66.74%,439,3.49%
新竹縣橫山鄉,2288,26.26%,6064,69.60%,360,4.13%
新竹縣北埔鄉,1833,30.42%,3969,65.88%,222,3.68%
新竹縣寶山鄉,2753,32.41%,5428,63.91%,312,3.67%
新竹縣峨眉鄉,1493,39.86%,2135,57.00%,117,3.12%
新竹縣尖石鄉,703,17.17%,3190,77.91%,201,4.90%
新竹縣五峰鄉,417,17.60%,1825,77.03%,127,5.36%
苗栗縣竹南鎮,17094,37.57%,26992,59.33%,1405,3.08%
苗栗縣造橋鄉,2315,28.28%,5616,68.62%,253,3.09%
苗栗縣後龍鎮,8766,40.86%,12159,56.68%,525,2.44%
苗栗縣西湖鄉,1211,25.84%,3334,71.14%,141,3.00%
苗栗縣通霄鎮,10026,46.31%,11058,51.08%,562,2.59%
苗栗縣銅鑼鄉,2972,26.36%,7955,70.57%,345,3.06%
苗栗縣苑裡鎮,14156,52.12%,12296,45.27%,704,2.59%
苗栗縣三義鄉,2985,28.61%,7139,68.42%,309,2.96%
苗栗縣頭份鎮,14321,25.64%,39774,71.21%,1752,3.13%
苗栗縣三灣鄉,1232,27.56%,3116,69.70%,122,2.72%
苗栗縣南庄鄉,1510,24.28%,4465,71.81%,242,3.89%
苗栗縣苗栗市,13557,25.53%,37971,71.52%,1562,2.94%
苗栗縣頭屋鄉,1908,26.61%,5060,70.59%,200,2.79%
苗栗縣獅潭鄉,803,26.99%,2088,70.18%,84,2.82%
苗栗縣公館鄉,6049,30.31%,13188,66.09%,717,3.59%
苗栗縣大湖鄉,2571,29.01%,6000,67.72%,289,3.26%
苗栗縣泰安鄉,504,15.32%,2664,80.99%,121,3.67%
苗栗縣卓蘭鎮,5184,48.12%,5325,49.42%,264,2.45%
彰化縣伸港鄉,8687,43.16%,10806,53.69%,630,3.13%
彰化縣線西鄉,3625,37.95%,5519,57.77%,408,4.27%
彰化縣和美鎮,23339,45.26%,26618,51.62%,1602,3.10%
彰化縣鹿港鎮,25150,50.73%,22863,46.11%,1563,3.15%
彰化縣福興鄉,14401,51.58%,12705,45.50%,812,2.90%
彰化縣秀水鄉,10897,48.67%,10878,48.58%,613,2.73%
彰化縣彰化市,58808,43.47%,72275,53.43%,4186,3.09%
彰化縣花壇鄉,11236,42.64%,14364,54.52%,746,2.83%
彰化縣芬園鄉,7607,51.96%,6591,45.02%,441,3.01%
彰化縣芳苑鄉,9838,53.11%,8207,44.30%,477,2.57%
彰化縣二林鎮,12075,42.44%,15603,54.84%,773,2.71%
彰化縣埔鹽鄉,8032,41.62%,10771,55.81%,493,2.55%
彰化縣溪湖鎮,13338,44.45%,15846,52.81%,819,2.72%
彰化縣埔心鄉,10141,50.52%,9366,46.66%,565,2.81%
彰化縣大城鄉,4057,43.68%,5000,53.83%,231,2.48%
彰化縣竹塘鄉,4885,56.95%,3504,40.85%,188,2.19%
彰化縣埤頭鄉,8612,51.41%,7764,46.35%,373,2.22%
彰化縣北斗鎮,8700,47.10%,9252,50.09%,517,2.79%
彰化縣溪州鄉,9863,57.62%,6838,39.95%,414,2.41%
彰化縣大村鄉,9591,46.04%,10646,51.10%,593,2.84%
彰化縣員林鎮,30309,43.67%,36982,53.28%,2108,3.03%
彰化縣永靖鄉,10415,47.32%,10917,49.60%,674,3.06%
彰化縣社頭鄉,12814,50.35%,11926,46.86%,706,2.77%
彰化縣田尾鄉,7551,47.93%,7753,49.21%,448,2.84%
彰化縣田中鎮,11132,45.93%,12416,51.23%,684,2.82%
彰化縣二水鄉,4966,50.34%,4558,46.21%,339,3.43%
南投縣草屯鎮,24009,42.34%,31018,54.71%,1667,2.94%
南投縣國姓鄉,4457,39.96%,6374,57.15%,321,2.87%
南投縣埔里鎮,17962,39.73%,26002,57.52%,1237,2.73%
南投縣仁愛鄉,1005,13.39%,6198,82.58%,302,4.02%
南投縣中寮鄉,4418,48.21%,4498,49.08%,247,2.69%
南投縣魚池鄉,4330,47.15%,4614,50.25%,238,2.59%
南投縣南投市,23513,39.67%,33451,56.44%,2302,3.88%
南投縣名間鄉,12714,53.86%,10269,43.50%,619,2.62%
南投縣集集鎮,2945,43.78%,3552,52.80%,229,3.40%
南投縣竹山鎮,15801,49.30%,15548,48.51%,701,2.18%
南投縣鹿谷鄉,4845,44.56%,5718,52.59%,308,2.83%
南投縣水里鄉,4600,42.57%,5872,54.34%,333,3.08%
南投縣信義鄉,2478,29.89%,5589,67.42%,222,2.67%
雲林縣麥寮鄉,8194,45.76%,9204,51.40%,508,2.83%
雲林縣臺西鄉,5958,47.07%,6368,50.31%,330,2.60%
雲林縣東勢鄉,4661,54.82%,3626,42.64%,215,2.52%
雲林縣褒忠鄉,4219,55.62%,3187,42.01%,179,2.35%
雲林縣土庫鎮,9627,58.09%,6523,39.36%,422,2.54%
雲林縣虎尾鎮,18522,48.37%,18784,49.06%,980,2.55%
雲林縣四湖鄉,7318,58.02%,5043,39.98%,251,1.99%
雲林縣元長鄉,9320,61.94%,5401,35.89%,324,2.15%
雲林縣口湖鄉,9673,64.51%,4946,32.98%,375,2.50%
雲林縣水林鄉,10801,71.11%,3993,26.29%,394,2.59%
雲林縣北港鎮,14323,61.58%,8356,35.92%,578,2.48%
雲林縣崙背鄉,8414,58.97%,5519,38.68%,333,2.33%
雲林縣二崙鄉,11099,68.53%,4744,29.29%,352,2.17%
雲林縣西螺鎮,16216,62.27%,9289,35.67%,534,2.05%
雲林縣莿桐鄉,10925,62.72%,6082,34.92%,409,2.34%
雲林縣林內鄉,5882,52.89%,4955,44.55%,283,2.54%
雲林縣斗六市,27064,45.66%,30486,51.43%,1718,2.89%
雲林縣大埤鄉,6892,59.18%,4433,38.06%,320,2.74%
雲林縣斗南鎮,14049,52.92%,11805,44.47%,689,2.59%
雲林縣古坑鄉,10984,59.05%,7147,38.42%,468,2.51%
嘉義縣六腳鄉,10265,66.47%,4770,30.89%,406,2.62%
嘉義縣東石鄉,9247,57.97%,6287,39.41%,417,2.61%
嘉義縣朴子市,14676,60.15%,9131,37.42%,588,2.41%
嘉義縣太保市,11955,58.11%,8087,39.30%,531,2.58%
嘉義縣布袋鎮,9849,55.84%,7408,42.00%,378,2.14%
嘉義縣義竹鄉,7762,58.56%,5264,39.71%,228,1.72%
嘉義縣鹿草鄉,6491,61.95%,3769,35.97%,217,2.07%
嘉義縣水上鄉,17203,55.30%,13101,42.11%,804,2.58%
嘉義縣溪口鄉,6489,69.19%,2767,29.50%,122,1.30%
嘉義縣大林鎮,10814,56.46%,7917,41.34%,419,2.18%
嘉義縣梅山鄉,6924,57.23%,4858,40.15%,315,2.60%
嘉義縣新港鄉,13071,67.97%,5823,30.28%,335,1.74%
嘉義縣民雄鄉,23395,56.83%,16769,40.73%,1001,2.43%
嘉義縣竹崎鄉,12780,58.85%,8346,38.43%,588,2.70%
嘉義縣中埔鄉,14972,56.75%,10727,40.66%,683,2.58%
嘉義縣番路鄉,3875,57.00%,2730,40.15%,193,2.83%
嘉義縣阿里山鄉,747,24.42%,2231,72.95%,80,2.61%
嘉義縣大埔鄉,948,48.17%,961,48.83%,59,2.99%
屏東縣里港鄉,9882,64.98%,5043,33.16%,282,1.85%
屏東縣高樹鄉,10627,68.76%,4543,29.39%,285,1.84%
屏東縣三地門鄉,547,13.30%,3477,84.55%,88,2.14%
屏東縣霧臺鄉,286,16.07%,1457,81.89%,36,2.02%
屏東縣九如鄉,9037,67.23%,4141,30.81%,262,1.94%
屏東縣鹽埔鄉,8256,54.16%,6681,43.83%,305,2.00%
屏東縣長治鄉,10478,57.50%,7399,40.60%,345,1.89%
屏東縣內埔鄉,19736,59.70%,12652,38.27%,668,2.02%
屏東縣瑪家鄉,506,13.41%,3155,83.64%,111,2.94%
屏東縣泰武鄉,310,11.00%,2442,86.71%,64,2.27%
屏東縣竹田鄉,7064,61.96%,4145,36.35%,191,1.67%
屏東縣萬巒鄉,8222,64.62%,4304,33.82%,197,1.54%
屏東縣潮州鎮,17218,55.09%,13378,42.80%,658,2.10%
屏東縣屏東市,58083,48.02%,60201,49.77%,2664,2.20%
屏東縣麟洛鄉,4520,61.74%,2657,36.29%,144,1.96%
屏東縣萬丹鄉,19045,60.23%,12031,38.05%,541,1.71%
屏東縣新園鄉,14941,66.83%,7085,31.69%,329,1.47%
屏東縣崁頂鄉,5544,63.57%,3049,34.96%,127,1.45%
屏東縣南州鄉,4301,61.77%,2546,36.56%,115,1.65%
屏東縣新埤鄉,3632,57.58%,2511,39.81%,164,2.60%
屏東縣來義鄉,298,7.39%,3644,90.44%,87,2.15%
屏東縣東港鎮,16765,61.58%,10015,36.78%,443,1.62%
屏東縣林邊鄉,7514,62.50%,4340,36.10%,168,1.39%
屏東縣佳冬鄉,7887,64.07%,4238,34.43%,184,1.49%
屏東縣枋寮鄉,8768,58.78%,5896,39.53%,251,1.68%
屏東縣春日鄉,208,8.49%,2188,89.37%,52,2.12%
屏東縣枋山鄉,2135,64.17%,1139,34.23%,53,1.59%
屏東縣獅子鄉,296,11.96%,2106,85.15%,71,2.87%
屏東縣牡丹鄉,329,14.01%,1934,82.40%,84,3.57%
屏東縣車城鄉,3115,62.95%,1739,35.14%,94,1.89%
屏東縣滿州鄉,2225,55.38%,1701,42.34%,91,2.26%
屏東縣恆春鎮,7920,52.65%,6796,45.18%,324,2.15%
屏東縣琉球鄉,2027,40.14%,2938,58.18%,84,1.66%
臺東縣臺東市,18455,33.65%,34748,63.37%,1628,2.96%
臺東縣成功鎮,1555,22.64%,5106,74.35%,206,2.99%
臺東縣關山鎮,1331,29.55%,3046,67.64%,126,2.79%
臺東縣卑南鄉,3329,36.26%,5589,60.88%,262,2.85%
臺東縣鹿野鄉,1533,37.13%,2492,60.36%,103,2.49%
臺東縣池上鄉,1479,35.52%,2572,61.78%,112,2.69%
臺東縣東河鄉,1086,25.80%,2974,70.65%,149,3.54%
臺東縣長濱鄉,835,25.17%,2393,72.14%,89,2.68%
臺東縣太麻里鄉,1904,32.04%,3885,65.39%,152,2.55%
臺東縣大武鄉,713,25.22%,2029,71.77%,85,3.00%
臺東縣綠島鄉,223,16.17%,1099,79.69%,57,4.13%
臺東縣海端鄉,155,8.98%,1527,88.47%,44,2.54%
臺東縣延平鄉,209,13.53%,1303,84.39%,32,2.07%
臺東縣金峰鄉,108,6.06%,1625,91.24%,48,2.69%
臺東縣達仁鄉,209,11.78%,1524,85.90%,41,2.31%
臺東縣蘭嶼鄉,293,21.18%,911,65.87%,179,12.94%
花蓮縣花蓮市,15264,27.32%,38513,68.93%,2090,3.74%
花蓮縣新城鄉,2557,24.49%,7453,71.40%,427,4.09%
花蓮縣秀林鄉,963,14.17%,5484,80.73%,346,5.09%
花蓮縣吉安鄉,11812,27.68%,29230,68.51%,1618,3.79%
花蓮縣壽豐鄉,2952,30.07%,6538,66.61%,325,3.31%
花蓮縣鳳林鎮,1728,27.53%,4319,68.82%,228,3.63%
花蓮縣光復鄉,1540,22.56%,5075,74.35%,210,3.07%
花蓮縣豐濱鄉,325,15.40%,1718,81.42%,67,3.17%
花蓮縣萬榮鄉,317,11.67%,2297,84.60%,101,3.72%
花蓮縣瑞穗鄉,1616,27.33%,4103,69.40%,193,3.26%
花蓮縣玉里鎮,3142,26.29%,8351,69.89%,455,3.80%
花蓮縣富里鄉,1410,27.38%,3513,68.24%,225,4.37%
花蓮縣卓溪鄉,219,8.71%,2221,88.34%,74,2.94%
澎湖縣馬公市,12371,43.57%,14786,52.08%,1231,4.33%
澎湖縣湖西鄉,3554,53.33%,2831,42.48%,278,4.17%
澎湖縣白沙鄉,1840,45.88%,1994,49.72%,176,4.38%
澎湖縣西嶼鄉,1908,49.49%,1768,45.86%,179,4.64%
澎湖縣望安鄉,743,55.61%,511,38.24%,82,6.13%
澎湖縣七美鄉,301,26.73%,689,61.19%,136,12.07%
基隆市中正區,11034,35.97%,18395,59.98%,1239,4.04%
基隆市信義區,9635,32.13%,19170,63.94%,1175,3.91%
基隆市仁愛區,11291,40.96%,15308,55.54%,961,3.48%
基隆市中山區,11286,38.91%,16522,56.96%,1197,4.12%
基隆市安樂區,17043,36.40%,27881,59.55%,1895,4.04%
基隆市暖暖區,7027,33.42%,13040,62.02%,957,4.55%
基隆市七堵區,12246,39.08%,17978,57.37%,1109,3.53%
新竹市東區,38394,35.06%,67736,61.86%,3362,3.07%
新竹市北區,34624,41.60%,45997,55.26%,2604,3.12%
新竹市香山區,19614,46.85%,20995,50.15%,1250,2.98%
嘉義市東區,33803,48.53%,33958,48.76%,1882,2.70%
嘉義市西區,42908,53.20%,35577,44.11%,2160,2.67%
金門縣金城鎮,1118,8.55%,11611,88.87%,335,2.56%
金門縣金寧鄉,732,9.77%,6589,87.95%,170,2.26%
金門縣烈嶼鄉,175,5.35%,3023,92.53%,69,2.11%
金門縣烏坵鄉,9,8.73%,94,91.26%,0,0.00%
金門縣金湖鎮,806,9.14%,7740,87.81%,268,3.04%
金門縣金沙鎮,353,5.76%,5619,91.81%,148,2.41%
連江縣南竿鄉,273,8.78%,2691,86.58%,144,4.63%
連江縣北竿鄉,63,6.71%,833,88.80%,42,4.47%
連江縣莒光鄉,30,5.58%,459,85.47%,48,8.93%
連江縣東引鄉,52,8.37%,524,84.38%,45,7.24%
